Institution Name, Operating Expenses per Team/Men's Team , Revenues Men's Team , Expenses Men's Team , Net Income 
University of Louisville," $3,919,664 "," $42,759,248 "," $19,180,078 "," $23,579,170 "
Syracuse University," $1,999,387 "," $34,567,071 "," $14,845,555 "," $19,721,516 "
University of Kentucky," $3,318,399 "," $38,829,651 "," $20,202,558 "," $18,627,093 "
University of North Carolina at Chapel Hill," $3,616,994 "," $27,076,307 "," $11,204,115 "," $15,872,192 "
Ohio State University-Main Campus," $2,578,786 "," $24,953,122 "," $10,996,364 "," $13,956,758 "
Indiana University-Bloomington," $2,647,513 "," $27,008,415 "," $13,230,211 "," $13,778,204 "
Duke University," $4,159,957 "," $35,489,891 "," $22,178,473 "," $13,311,418 "
University of Wisconsin-Madison," $1,761,883 "," $21,701,868 "," $8,548,485 "," $13,153,383 "
University of Arizona," $3,419,410 "," $22,437,254 "," $10,383,630 "," $12,053,624 "
University of Michigan-Ann Arbor," $2,074,423 "," $21,114,322 "," $9,874,360 "," $11,239,962 "
University of Arkansas," $2,052,699 "," $21,424,702 "," $10,440,326 "," $10,984,376 "
University of Illinois at Urbana-Champaign," $1,562,280 "," $21,419,589 "," $10,480,939 "," $10,938,650 "
University of Minnesota-Twin Cities," $2,056,051 "," $18,835,871 "," $9,115,817 "," $9,720,054 "
Michigan State University," $4,832,870 "," $23,808,250 "," $14,395,851 "," $9,412,399 "
University of Dayton," $1,707,194 "," $16,281,364 "," $7,434,825 "," $8,846,539 "
Purdue University-Main Campus," $2,612,400 "," $18,017,191 "," $9,604,624 "," $8,412,567 "
Iowa State University," $1,796,232 "," $14,670,525 "," $7,693,014 "," $6,977,511 "
Marquette University," $6,255,125 "," $21,856,683 "," $14,979,149 "," $6,877,534 "
Xavier University," $2,649,167 "," $13,916,975 "," $7,406,374 "," $6,510,601 "
The University of Tennessee-Knoxville," $2,015,302 "," $17,003,826 "," $10,554,613 "," $6,449,213 "
University of Kansas," $2,912,703 "," $18,974,009 "," $12,547,439 "," $6,426,570 "
North Carolina State University at Raleigh," $1,581,391 "," $16,533,014 "," $10,295,048 "," $6,237,966 "
Oklahoma State University-Main Campus," $1,568,727 "," $12,659,706 "," $6,700,510 "," $5,959,196 "
University of Nebraska-Lincoln," $1,964,941 "," $15,042,854 "," $9,180,631 "," $5,862,223 "
Gonzaga University," $1,625,865 "," $16,147,924 "," $10,496,251 "," $5,651,673 "
Auburn University," $2,228,307 "," $15,593,947 "," $10,536,653 "," $5,057,294 "
University of Maryland-College Park," $1,846,192 "," $14,059,425 "," $9,163,793 "," $4,895,632 "
The University of Texas at Austin," $1,758,071 "," $16,493,236 "," $11,649,912 "," $4,843,324 "
University of Missouri-Columbia," $1,759,741 "," $12,586,990 "," $8,255,259 "," $4,331,731 "
University of Iowa," $1,893,245 "," $12,120,342 "," $8,097,014 "," $4,023,328 "
Pennsylvania State University-Main Campus," $1,742,760 "," $11,344,446 "," $7,343,831 "," $4,000,615 "
University of Georgia," $1,479,200 "," $10,693,803 "," $7,756,002 "," $2,937,801 "
Virginia Commonwealth University," $1,116,865 "," $8,833,917 "," $6,102,633 "," $2,731,284 "
Kansas State University," $1,923,768 "," $10,733,840 "," $8,028,533 "," $2,705,307 "
University of Florida," $1,975,457 "," $11,943,413 "," $9,317,385 "," $2,626,028 "
University of South Carolina-Columbia," $1,146,997 "," $11,093,661 "," $8,561,964 "," $2,531,697 "
Butler University," $1,077,590 "," $8,228,482 "," $5,760,815 "," $2,467,667 "
University of Oklahoma-Norman Campus," $2,643,937 "," $12,355,263 "," $10,072,404 "," $2,282,859 "
Arizona State University-Tempe," $1,302,149 "," $10,609,465 "," $8,349,598 "," $2,259,867 "
University of Pittsburgh-Pittsburgh Campus," $2,410,918 "," $13,220,336 "," $11,013,283 "," $2,207,053 "
University of Washington-Seattle Campus," $1,900,766 "," $11,409,380 "," $9,224,123 "," $2,185,257 "
University of Colorado Boulder," $1,248,781 "," $9,310,818 "," $7,252,987 "," $2,057,831 "
Northwestern University," $1,350,230 "," $12,669,660 "," $10,646,711 "," $2,022,949 "
University of Mississippi," $2,219,138 "," $11,224,450 "," $9,432,295 "," $1,792,155 "
University of California-Berkeley," $1,377,224 "," $7,840,731 "," $6,131,940 "," $1,708,791 "
University of Missouri-Kansas City," $472,426 "," $3,902,606 "," $2,246,404 "," $1,656,202 "
University of Utah," $1,252,177 "," $10,511,632 "," $8,965,613 "," $1,546,019 "
Murray State University," $348,320 "," $3,896,362 "," $2,398,909 "," $1,497,453 "
Boise State University," $750,899 "," $5,146,160 "," $3,678,140 "," $1,468,020 "
Virginia Polytechnic Institute and State University," $2,226,606 "," $9,886,728 "," $8,525,606 "," $1,361,122 "
University of Miami," $2,595,829 "," $9,988,284 "," $8,895,333 "," $1,092,951 "
Clemson University," $1,128,513 "," $9,224,524 "," $8,229,736 "," $994,788 "
Vanderbilt University," $1,339,664 "," $10,876,435 "," $9,901,818 "," $974,617 "
The University of Texas at El Paso," $775,724 "," $5,016,121 "," $4,247,850 "," $768,271 "
Washington State University," $751,369 "," $6,171,373 "," $5,483,898 "," $687,475 "
Mississippi State University," $1,722,335 "," $8,030,614 "," $7,443,131 "," $587,483 "
University of Oregon," $1,999,558 "," $10,918,131 "," $10,348,633 "," $569,498 "
Texas A & M University-College Station," $2,019,264 "," $12,349,705 "," $11,818,860 "," $530,845 "
San Diego State University," $2,733,090 "," $6,248,159 "," $5,786,034 "," $462,125 "
Louisiana State University and Agricultural & Mechanical College," $1,640,142 "," $9,965,537 "," $9,512,515 "," $453,022 "
University of Maryland Eastern Shore," $237,926 "," $1,438,650 "," $1,000,683 "," $437,967 "
Austin Peay State University," $476,794 "," $2,338,400 "," $1,904,820 "," $433,580 "
California State University-Bakersfield," $578,593 "," $2,714,877 "," $2,333,990 "," $380,887 "
Hampton University," $339,304 "," $1,828,090 "," $1,460,137 "," $367,953 "
Boston College," $1,754,150 "," $7,225,974 "," $6,872,835 "," $353,139 "
Wake Forest University," $1,302,561 "," $9,148,670 "," $8,805,630 "," $343,040 "
Winthrop University," $230,080 "," $2,101,706 "," $1,780,882 "," $320,824 "
SUNY at Albany," $289,366 "," $2,109,818 "," $1,799,859 "," $309,959 "
Furman," $457,880 "," $2,576,740 "," $2,293,070 "," $283,670 "
University of South Alabama," $434,073 "," $2,313,701 "," $2,052,778 "," $260,923 "
University of Vermont," $471,834 "," $2,520,742 "," $2,261,158 "," $259,584 "
Oakland University," $376,624 "," $2,184,404 "," $1,940,265 "," $244,139 "
University of Maryland-Baltimore County," $571,936 "," $2,461,304 "," $2,222,771 "," $238,533 "
Oral Roberts University," $637,892 "," $2,300,880 "," $2,085,974 "," $214,906 "
Longwood University," $315,693 "," $1,837,437 "," $1,640,350 "," $197,087 "
Davidson College," $675,253 "," $3,476,469 "," $3,297,453 "," $179,016 "
Chicago State University," $71,553 "," $978,120 "," $801,305 "," $176,815 "
Mississippi Valley State University," $237,366 "," $733,665 "," $576,526 "," $157,139 "
The University of Tennessee-Martin," $255,807 "," $1,270,841 "," $1,119,003 "," $151,838 "
Utah Valley University," $632,704 "," $2,006,839 "," $1,866,466 "," $140,373 "
Citadel Military College of South Carolina," $306,303 "," $1,613,769 "," $1,477,703 "," $136,066 "
Oregon State University," $1,189,012 "," $6,326,806 "," $6,203,088 "," $123,718 "
University of Massachusetts-Lowell," $330,111 "," $2,001,656 "," $1,882,325 "," $119,331 "
University of Alabama at Birmingham," $685,084 "," $3,628,668 "," $3,533,944 "," $94,724 "
High Point University," $480,994 "," $3,457,345 "," $3,369,936 "," $87,409 "
Tennessee State University," $206,677 "," $1,414,097 "," $1,330,636 "," $83,461 "
The University of Alabama," $1,457,096 "," $16,028,795 "," $15,966,875 "," $61,920 "
University of California-Riverside," $465,974 "," $2,542,300 "," $2,485,812 "," $56,488 "
University of Rhode Island," $1,615,011 "," $4,799,098 "," $4,745,208 "," $53,890 "
Florida International University," $536,148 "," $2,004,600 "," $1,951,680 "," $52,920 "
California Baptist University," $417,881 "," $2,555,371 "," $2,503,353 "," $52,018 "
Savannah State University," $98,222 "," $629,174 "," $581,988 "," $47,186 "
Valparaiso University," $473,728 "," $2,461,689 "," $2,415,050 "," $46,639 "
University of the Incarnate Word," $196,159 "," $1,416,859 "," $1,371,582 "," $45,277 "
Texas Tech University," $3,727,213 "," $12,382,899 "," $12,338,645 "," $44,254 "
Wagner College," $205,660 "," $1,520,014 "," $1,487,551 "," $32,463 "
Nicholls State University," $208,663 "," $821,452 "," $798,687 "," $22,765 "
Lamar University," $232,987 "," $1,405,823 "," $1,384,151 "," $21,672 "
Texas Southern University," $127,730 "," $1,713,806 "," $1,696,591 "," $17,215 "
Louisiana Tech University," $541,345 "," $2,566,614 "," $2,556,193 "," $10,421 "
Southern Illinois University-Edwardsville," $306,306 "," $1,348,897 "," $1,342,465 "," $6,432 "
East Carolina University," $917,519 "," $3,945,332 "," $3,942,406 "," $2,926 "
Kennesaw State University," $376,061 "," $1,511,263 "," $1,510,719 ", $544 
Samford University," $349,587 "," $1,917,385 "," $1,917,384 ", $1 
Campbell University," $556,005 "," $2,085,183 "," $2,085,182 ", $1 
New Jersey Institute of Technology," $333,829 "," $1,857,284 "," $1,857,283 ", $1 
Eastern Washington University," $438,840 "," $1,630,809 "," $1,630,808 ", $1 
Florida State University," $2,633,659 "," $16,773,013 "," $16,773,013 ", $-   
University of Virginia-Main Campus," $2,463,240 "," $13,400,721 "," $13,400,721 ", $-   
Villanova University," $4,196,644 "," $14,428,932 "," $14,428,932 ", $-   
Georgetown University," $3,411,520 "," $13,573,946 "," $13,573,946 ", $-   
Providence College," $2,320,592 "," $11,117,186 "," $11,117,186 ", $-   
Baylor University," $2,091,702 "," $9,860,432 "," $9,860,432 ", $-   
St John's University-New York," $2,290,446 "," $10,028,677 "," $10,028,677 ", $-   
University of Houston," $1,679,313 "," $9,219,796 "," $9,219,796 ", $-   
Creighton University," $1,334,371 "," $8,590,055 "," $8,590,055 ", $-   
University of Memphis," $1,468,391 "," $8,217,757 "," $8,217,757 ", $-   
Wichita State University," $1,838,637 "," $8,182,863 "," $8,182,863 ", $-   
Saint Louis University," $1,142,220 "," $7,428,566 "," $7,428,566 ", $-   
University of Connecticut," $3,045,093 "," $9,325,922 "," $9,325,922 ", $-   
Seton Hall University," $1,332,286 "," $7,506,127 "," $7,506,127 ", $-   
Southern Methodist University," $1,511,850 "," $7,590,481 "," $7,590,481 ", $-   
Rutgers University-New Brunswick," $1,773,891 "," $7,545,360 "," $7,545,360 ", $-   
Brigham Young University-Provo," $1,795,176 "," $7,447,430 "," $7,447,430 ", $-   
DePaul University," $1,166,869 "," $6,793,520 "," $6,793,520 ", $-   
University of Cincinnati-Main Campus," $2,029,576 "," $7,644,770 "," $7,644,770 ", $-   
Saint Joseph's University," $731,463 "," $6,152,876 "," $6,152,876 ", $-   
University of Tulsa," $959,473 "," $6,196,308 "," $6,196,308 ", $-   
Temple University," $1,395,109 "," $6,487,460 "," $6,487,460 ", $-   
Belmont University," $313,307 "," $5,129,856 "," $5,129,856 ", $-   
University of Nevada-Las Vegas," $1,059,706 "," $5,795,483 "," $5,795,483 ", $-   
Grand Canyon University," $1,058,088 "," $5,331,006 "," $5,331,006 ", $-   
Duquesne University," $1,359,887 "," $5,612,982 "," $5,612,982 ", $-   
Santa Clara University," $364,113 "," $4,445,480 "," $4,445,480 ", $-   
Fordham University," $1,177,465 "," $5,075,355 "," $5,075,355 ", $-   
University of Richmond," $940,967 "," $4,782,542 "," $4,782,542 ", $-   
Loyola University Chicago," $655,452 "," $4,348,837 "," $4,348,837 ", $-   
Utah State University," $569,259 "," $4,250,996 "," $4,250,996 ", $-   
University of Nevada-Reno," $1,043,052 "," $4,706,010 "," $4,706,010 ", $-   
Tulane University of Louisiana," $1,399,228 "," $4,984,520 "," $4,984,520 ", $-   
Colorado State University-Fort Collins," $836,359 "," $4,415,218 "," $4,415,218 ", $-   
University of South Florida-Main Campus," $1,389,781 "," $4,931,868 "," $4,931,868 ", $-   
Saint Mary's College of California," $875,853 "," $4,401,818 "," $4,401,818 ", $-   
College of William and Mary," $473,110 "," $3,970,949 "," $3,970,949 ", $-   
Pepperdine University," $508,079 "," $3,975,688 "," $3,975,688 ", $-   
George Mason University," $924,371 "," $4,287,689 "," $4,287,689 ", $-   
University of New Mexico-Main Campus," $844,544 "," $4,206,654 "," $4,206,654 ", $-   
University of San Francisco," $845,213 "," $4,071,649 "," $4,071,649 ", $-   
University of Massachusetts-Amherst," $824,262 "," $4,025,395 "," $4,025,395 ", $-   
Bradley University," $587,983 "," $3,778,660 "," $3,778,660 ", $-   
George Washington University," $441,964 "," $3,548,937 "," $3,548,937 ", $-   
Loyola Marymount University," $1,031,999 "," $4,137,858 "," $4,137,858 ", $-   
California State University-Fresno," $615,944 "," $3,642,878 "," $3,642,878 ", $-   
St Bonaventure University," $828,026 "," $3,832,105 "," $3,832,105 ", $-   
University of Portland," $597,065 "," $3,599,607 "," $3,599,607 ", $-   
University of Northern Iowa," $582,756 "," $3,550,793 "," $3,550,793 ", $-   
Quinnipiac University," $261,722 "," $3,203,013 "," $3,203,013 ", $-   
Ohio University-Main Campus," $438,308 "," $3,337,404 "," $3,337,404 ", $-   
University of California-Santa Barbara," $419,302 "," $3,202,493 "," $3,202,493 ", $-   
Elon University," $466,254 "," $3,221,829 "," $3,221,829 ", $-   
Northeastern University," $466,414 "," $3,207,255 "," $3,207,255 ", $-   
University of Detroit Mercy," $535,940 "," $3,276,678 "," $3,276,678 ", $-   
Fairfield University," $540,001 "," $3,280,514 "," $3,280,514 ", $-   
Liberty University," $662,073 "," $3,400,852 "," $3,400,852 ", $-   
University of North Carolina at Charlotte," $670,027 "," $3,295,523 "," $3,295,523 ", $-   
University of Wyoming," $712,472 "," $3,329,650 "," $3,329,650 ", $-   
Western Kentucky University," $849,956 "," $3,455,918 "," $3,455,918 ", $-   
College of Charleston," $713,611 "," $3,289,426 "," $3,289,426 ", $-   
Wright State University-Main Campus," $782,338 "," $3,330,147 "," $3,330,147 ", $-   
Old Dominion University," $1,407,307 "," $3,953,002 "," $3,953,002 ", $-   
University of San Diego," $594,930 "," $3,120,907 "," $3,120,907 ", $-   
Rice University," $686,388 "," $3,169,654 "," $3,169,654 ", $-   
Hofstra University," $456,954 "," $2,939,154 "," $2,939,154 ", $-   
University of the Pacific," $715,769 "," $3,181,522 "," $3,181,522 ", $-   
La Salle University," $1,095,427 "," $3,558,014 "," $3,558,014 ", $-   
New Mexico State University-Main Campus," $622,278 "," $3,077,862 "," $3,077,862 ", $-   
Georgia State University," $519,797 "," $2,917,278 "," $2,917,278 ", $-   
University of Hawaii at Manoa," $585,632 "," $2,960,055 "," $2,960,055 ", $-   
University of Toledo," $334,019 "," $2,673,988 "," $2,673,988 ", $-   
University of California-Irvine," $616,625 "," $2,953,537 "," $2,953,537 ", $-   
University at Buffalo," $757,485 "," $3,093,556 "," $3,093,556 ", $-   
Iona College," $549,745 "," $2,881,346 "," $2,881,346 ", $-   
Monmouth University," $469,385 "," $2,795,919 "," $2,795,919 ", $-   
University of Akron Main Campus," $752,096 "," $3,045,115 "," $3,045,115 ", $-   
Boston University," $388,475 "," $2,669,686 "," $2,669,686 ", $-   
University of Delaware," $506,915 "," $2,785,559 "," $2,785,559 ", $-   
Drexel University," $489,257 "," $2,760,011 "," $2,760,011 ", $-   
Middle Tennessee State University," $722,435 "," $2,982,636 "," $2,982,636 ", $-   
University of Louisiana at Lafayette," $523,170 "," $2,780,548 "," $2,780,548 ", $-   
University of North Texas," $636,066 "," $2,847,662 "," $2,847,662 ", $-   
James Madison University," $515,385 "," $2,709,807 "," $2,709,807 ", $-   
Bucknell University," $450,192 "," $2,624,075 "," $2,624,075 ", $-   
Rider University," $378,711 "," $2,508,228 "," $2,508,228 ", $-   
Stetson University," $268,370 "," $2,386,051 "," $2,386,051 ", $-   
University of Wisconsin-Milwaukee," $484,400 "," $2,588,033 "," $2,588,033 ", $-   
University of Evansville," $472,613 "," $2,570,477 "," $2,570,477 ", $-   
Marshall University," $1,088,921 "," $3,161,233 "," $3,161,233 ", $-   
Marist College," $310,376 "," $2,358,993 "," $2,358,993 ", $-   
Siena College," $1,184,716 "," $3,219,292 "," $3,219,292 ", $-   
Manhattan College," $426,855 "," $2,455,366 "," $2,455,366 ", $-   
Missouri State University-Springfield," $782,348 "," $2,808,838 "," $2,808,838 ", $-   
College of the Holy Cross," $272,622 "," $2,282,921 "," $2,282,921 ", $-   
Illinois State University," $443,952 "," $2,440,752 "," $2,440,752 ", $-   
University of Denver," $562,118 "," $2,532,725 "," $2,532,725 ", $-   
University of California-Davis," $461,142 "," $2,395,167 "," $2,395,167 ", $-   
The University of Texas at Arlington," $631,778 "," $2,557,576 "," $2,557,576 ", $-   
Robert Morris University," $740,364 "," $2,661,978 "," $2,661,978 ", $-   
California State University-Long Beach," $495,713 "," $2,412,791 "," $2,412,791 ", $-   
Florida Atlantic University," $446,857 "," $2,352,069 "," $2,352,069 ", $-   
Northern Kentucky University," $588,131 "," $2,470,374 "," $2,470,374 ", $-   
University of Hartford," $431,992 "," $2,303,817 "," $2,303,817 ", $-   
University of North Carolina Wilmington," $461,029 "," $2,317,837 "," $2,317,837 ", $-   
Miami University-Oxford," $387,561 "," $2,234,349 "," $2,234,349 ", $-   
Towson University," $415,561 "," $2,259,918 "," $2,259,918 ", $-   
University of Illinois at Chicago," $409,178 "," $2,248,503 "," $2,248,503 ", $-   
Western Michigan University," $404,706 "," $2,243,842 "," $2,243,842 ", $-   
Mercer University," $223,825 "," $2,062,738 "," $2,062,738 ", $-   
Colgate University," $334,592 "," $2,126,456 "," $2,126,456 ", $-   
Bowling Green State University-Main Campus," $763,590 "," $2,544,177 "," $2,544,177 ", $-   
American University," $297,484 "," $2,072,510 "," $2,072,510 ", $-   
Lafayette College," $179,005 "," $1,938,231 "," $1,938,231 ", $-   
Coastal Carolina University," $501,274 "," $2,243,214 "," $2,243,214 ", $-   
Southern Illinois University-Carbondale," $740,924 "," $2,482,549 "," $2,482,549 ", $-   
San Jose State University," $295,732 "," $2,035,793 "," $2,035,793 ", $-   
Eastern Michigan University," $450,087 "," $2,170,870 "," $2,170,870 ", $-   
Lipscomb University," $516,648 "," $2,228,677 "," $2,228,677 ", $-   
California Polytechnic State University-San Luis Obispo," $477,268 "," $2,181,492 "," $2,181,492 ", $-   
Seattle University," $1,002,900 "," $2,681,442 "," $2,681,442 ", $-   
South Dakota State University," $509,309 "," $2,177,776 "," $2,177,776 ", $-   
North Carolina Central University," $66,291 "," $1,710,811 "," $1,710,811 ", $-   
California State University-Fullerton," $474,888 "," $2,114,807 "," $2,114,807 ", $-   
Central Michigan University," $533,295 "," $2,168,814 "," $2,168,814 ", $-   
The University of Texas at San Antonio," $611,901 "," $2,239,480 "," $2,239,480 ", $-   
University of North Carolina at Greensboro," $651,057 "," $2,275,162 "," $2,275,162 ", $-   
Jacksonville University," $408,306 "," $2,025,816 "," $2,025,816 ", $-   
Loyola University Maryland," $389,505 "," $2,002,011 "," $2,002,011 ", $-   
Bryant University," $323,259 "," $1,883,381 "," $1,883,381 ", $-   
Saint Francis University," $485,734 "," $2,040,877 "," $2,040,877 ", $-   
Kent State University at Kent," $615,674 "," $2,158,311 "," $2,158,311 ", $-   
University of Southern Mississippi," $643,577 "," $2,169,053 "," $2,169,053 ", $-   
The University of Tennessee-Chattanooga," $416,048 "," $1,940,945 "," $1,940,945 ", $-   
Fairleigh Dickinson University-Metropolitan Campus," $326,196 "," $1,846,780 "," $1,846,780 ", $-   
Stephen F Austin State University," $501,822 "," $2,015,066 "," $2,015,066 ", $-   
Indiana State University," $627,302 "," $2,129,934 "," $2,129,934 ", $-   
University of Pennsylvania," $555,447 "," $2,049,825 "," $2,049,825 ", $-   
Indiana University-Purdue University-Indianapolis," $447,875 "," $1,928,860 "," $1,928,860 ", $-   
Texas State University," $497,884 "," $1,976,474 "," $1,976,474 ", $-   
Lehigh University," $249,338 "," $1,725,866 "," $1,725,866 ", $-   
East Tennessee State University," $404,907 "," $1,878,553 "," $1,878,553 ", $-   
Weber State University," $442,466 "," $1,913,406 "," $1,913,406 ", $-   
Mount St. Mary's University," $357,059 "," $1,815,414 "," $1,815,414 ", $-   
University of North Dakota," $496,687 "," $1,943,907 "," $1,943,907 ", $-   
Wofford College," $527,709 "," $1,965,358 "," $1,965,358 ", $-   
Binghamton University," $329,097 "," $1,753,592 "," $1,753,592 ", $-   
Appalachian State University," $544,143 "," $1,952,593 "," $1,952,593 ", $-   
Portland State University," $431,247 "," $1,809,651 "," $1,809,651 ", $-   
University of New Hampshire-Main Campus," $228,705 "," $1,601,005 "," $1,601,005 ", $-   
Canisius College," $266,922 "," $1,639,094 "," $1,639,094 ", $-   
Texas A & M University-Corpus Christi," $537,550 "," $1,901,648 "," $1,901,648 ", $-   
Ball State University," $611,752 "," $1,975,432 "," $1,975,432 ", $-   
Saint Peter's University," $279,753 "," $1,641,425 "," $1,641,425 ", $-   
Radford University," $326,458 "," $1,682,177 "," $1,682,177 ", $-   
University of Wisconsin-Green Bay," $528,274 "," $1,874,827 "," $1,874,827 ", $-   
Central Connecticut State University," $65,936 "," $1,402,297 "," $1,402,297 ", $-   
Northern Illinois University," $444,414 "," $1,775,696 "," $1,775,696 ", $-   
Virginia Military Institute," $241,928 "," $1,547,786 "," $1,547,786 ", $-   
University of Idaho," $476,316 "," $1,729,001 "," $1,729,001 ", $-   
Sacred Heart University," $245,675 "," $1,496,346 "," $1,496,346 ", $-   
Youngstown State University," $312,350 "," $1,555,175 "," $1,555,175 ", $-   
Florida Gulf Coast University," $354,089 "," $1,589,474 "," $1,589,474 ", $-   
Howard University," $112,258 "," $1,338,284 "," $1,338,284 ", $-   
Northern Arizona University," $583,330 "," $1,805,164 "," $1,805,164 ", $-   
Eastern Kentucky University," $361,924 "," $1,576,265 "," $1,576,265 ", $-   
University of North Florida," $331,392 "," $1,532,649 "," $1,532,649 ", $-   
California State University-Sacramento," $471,246 "," $1,667,359 "," $1,667,359 ", $-   
Jacksonville State University," $302,772 "," $1,497,090 "," $1,497,090 ", $-   
Niagara University," $493,252 "," $1,683,937 "," $1,683,937 ", $-   
University of Louisiana at Monroe," $284,703 "," $1,469,020 "," $1,469,020 ", $-   
North Dakota State University-Main Campus," $543,976 "," $1,720,634 "," $1,720,634 ", $-   
Indiana University-Purdue University-Fort Wayne," $535,831 "," $1,700,944 "," $1,700,944 ", $-   
Columbia University in the City of New York," $294,014 "," $1,445,658 "," $1,445,658 ", $-   
North Carolina A & T State University," $264,037 "," $1,409,516 "," $1,409,516 ", $-   
University of South Dakota," $357,150 "," $1,469,868 "," $1,469,868 ", $-   
Southeast Missouri State University," $203,120 "," $1,304,144 "," $1,304,144 ", $-   
University of Northern Colorado," $445,084 "," $1,538,837 "," $1,538,837 ", $-   
Norfolk State University," $386,482 "," $1,477,761 "," $1,477,761 ", $-   
St Francis College," $270,264 "," $1,358,525 "," $1,358,525 ", $-   
Idaho State University," $376,990 "," $1,461,637 "," $1,461,637 ", $-   
Morehead State University," $298,334 "," $1,361,968 "," $1,361,968 ", $-   
Arkansas State University-Main Campus," $514,978 "," $1,578,156 "," $1,578,156 ", $-   
Presbyterian College," $279,822 "," $1,330,762 "," $1,330,762 ", $-   
University of Maine," $383,384 "," $1,432,766 "," $1,432,766 ", $-   
Princeton University," $301,476 "," $1,342,776 "," $1,342,776 ", $-   
Yale University," $378,901 "," $1,416,853 "," $1,416,853 ", $-   
Harvard University," $439,653 "," $1,474,941 "," $1,474,941 ", $-   
Morgan State University," $483,799 "," $1,517,680 "," $1,517,680 ", $-   
The University of Texas Rio Grande Valley," $619,108 "," $1,652,983 "," $1,652,983 ", $-   
Georgia Southern University," $498,208 "," $1,505,129 "," $1,505,129 ", $-   
University of North Carolina at Asheville," $198,337 "," $1,183,573 "," $1,183,573 ", $-   
University of South Carolina-Upstate," $184,083 "," $1,167,592 "," $1,167,592 ", $-   
University of Nebraska at Omaha," $297,766 "," $1,262,543 "," $1,262,543 ", $-   
Southeastern Louisiana University," $209,110 "," $1,172,241 "," $1,172,241 ", $-   
Northwestern State University of Louisiana," $185,817 "," $1,132,840 "," $1,132,840 ", $-   
Tennessee Technological University," $227,125 "," $1,161,305 "," $1,161,305 ", $-   
Sam Houston State University," $266,977 "," $1,194,442 "," $1,194,442 ", $-   
Houston Baptist University," $419,424 "," $1,345,408 "," $1,345,408 ", $-   
Gardner-Webb University," $274,645 "," $1,195,668 "," $1,195,668 ", $-   
Cornell University," $226,514 "," $1,143,930 "," $1,143,930 ", $-   
Prairie View A & M University," $277,918 "," $1,184,538 "," $1,184,538 ", $-   
McNeese State University," $256,889 "," $1,162,753 "," $1,162,753 ", $-   
Charleston Southern University," $351,197 "," $1,243,917 "," $1,243,917 ", $-   
Western Carolina University," $208,570 "," $1,089,269 "," $1,089,269 ", $-   
University of Central Arkansas," $415,201 "," $1,295,287 "," $1,295,287 ", $-   
Eastern Illinois University," $289,850 "," $1,146,676 "," $1,146,676 ", $-   
University of North Alabama," $315,462 "," $1,159,508 "," $1,159,508 ", $-   
Western Illinois University," $348,195 "," $1,190,756 "," $1,190,756 ", $-   
Dartmouth College," $312,916 "," $1,131,199 "," $1,131,199 ", $-   
Alabama State University," $180,911 "," $992,694 "," $992,694 ", $-   
University of New Orleans," $252,571 "," $1,052,459 "," $1,052,459 ", $-   
Brown University," $440,738 "," $1,239,495 "," $1,239,495 ", $-   
Bethune-Cookman University," $306,232 "," $1,079,602 "," $1,079,602 ", $-   
Florida Agricultural and Mechanical University," $279,905 "," $1,033,463 "," $1,033,463 ", $-   
Delaware State University," $200,570 "," $910,671 "," $910,671 ", $-   
Abilene Christian University," $484,638 "," $1,178,426 "," $1,178,426 ", $-   
Grambling State University," $326,484 "," $913,266 "," $913,266 ", $-   
Coppin State University," $200,190 "," $785,999 "," $785,999 ", $-   
University of Arkansas at Pine Bluff," $252,993 "," $833,958 "," $833,958 ", $-   
Jackson State University," $108,201 "," $676,673 "," $676,673 ", $-   
South Carolina State University," $244,941 "," $785,619 "," $785,619 ", $-   
Alcorn State University," $114,031 "," $533,743 "," $533,743 ", $-   
Cleveland State University," $704,618 "," $2,122,220 "," $2,140,282 "," $(18,062)"
Southern Utah University," $395,517 "," $1,274,977 "," $1,301,285 "," $(26,308)"
Alabama A & M University," $184,268 "," $1,591,652 "," $1,667,122 "," $(75,470)"
Drake University," $920,372 "," $2,557,916 "," $2,649,047 "," $(91,131)"
Georgia Institute of Technology-Main Campus," $1,542,063 "," $6,910,271 "," $7,095,493 "," $(185,222)"
California State University-Northridge," $511,526 "," $2,238,825 "," $2,438,136 "," $(199,311)"
Southern University and A & M College," $224,315 "," $596,992 "," $815,704 "," $(218,712)"
Montana State University," $573,676 "," $1,833,808 "," $2,094,896 "," $(261,088)"
Stony Brook University," $587,847 "," $2,064,588 "," $2,392,346 "," $(327,758)"
Stanford University," $1,303,284 "," $6,769,220 "," $7,143,168 "," $(373,948)"
Troy University," $147,088 "," $2,198,323 "," $2,604,565 "," $(406,242)"
The University of Montana," $172,517 "," $1,974,451 "," $2,452,114 "," $(477,663)"
University of Southern California," $1,346,460 "," $6,275,440 "," $6,901,843 "," $(626,403)"
University of Central Florida," $1,057,414 "," $3,879,707 "," $4,594,025 "," $(714,318)"
Texas Christian University," $2,062,641 "," $14,852,389 "," $15,718,763 "," $(866,374)"
University of Arkansas at Little Rock," $519,698 "," $1,107,986 "," $2,126,312 "," $(1,018,326)"
West Virginia University," $2,928,859 "," $8,484,584 "," $10,798,893 "," $(2,314,309)"
University of California-Los Angeles," $2,499,540 "," $11,959,355 "," $15,468,381 "," $(3,509,026)"
University of Notre Dame," $1,789,870 "," $4,153,208 "," $8,331,273 "," $(4,178,065)"